all_docs_tf,all_docs_tf_idf,all_docs_bm25
0.4915377780581018,0.4891640835107788,0.5730597035957179
