all_docs_tf,all_docs_tf_idf,all_docs_bm25
0.4936685051021447,0.4912979016457239,0.5762088329662882
