p,l,all_docs_precision,all_docs_recall,business_precision,business_recall,entertainment_precision,entertainment_recall,politics_precision,politics_recall,sport_precision,sport_recall,tech_precision,tech_recall
6,800,0.43198501872659223,0.3934354603433689,0.4395424836601306,0.4395424836601306,0.43480138169257315,0.43480138169257315,0.4340527577937653,0.4340527577937653,0.42302674494455306,0.42302674494455306,0.4289276807980051,0.4289276807980051
6,1010,0.43198501872659223,0.3934354603433689,0.4395424836601306,0.44289780571924087,0.43480138169257315,0.44408361609648006,0.4340527577937653,0.3462673514143137,0.42302674494455306,0.42376691383215037,0.4289276807980051,0.29217297762080924
6,1200,0.4316853932584275,0.39373508581153366,0.4395424836601306,0.44289780571924087,0.43480138169257315,0.44408361609648006,0.4340527577937653,0.3462673514143137,0.4217221135029353,0.4250715452737681,0.4289276807980051,0.29217297762080924
8,800,0.42175227394328535,0.5040178549797651,0.42354108309990646,0.5621837100420244,0.4331051073279053,0.5902446281735046,0.42651593011305244,0.44787920487775823,0.4030961699748392,0.5152634388399572,0.4273690773067332,0.39108818716292004
8,1010,0.42175227394328535,0.5040178549797651,0.42354108309990646,0.5621837100420244,0.4331051073279053,0.5902446281735046,0.42651593011305244,0.44787920487775823,0.4030961699748392,0.5152634388399572,0.4273690773067332,0.39108818716292004
8,1200,0.42145264847512054,0.5043174804479298,0.42354108309990646,0.5621837100420244,0.4331051073279053,0.5902446281735046,0.42651593011305244,0.44787920487775823,0.40179153853322147,0.5165680702815749,0.4273690773067332,0.39108818716292004
10,800,0.4086349206349174,0.5906203079624238,0.4104746342981649,0.6614178155174791,0.41376141130027233,0.6837528868777216,0.42427105934300213,0.5448744569707132,0.37833535240580307,0.5704722111659583,0.4237115544472155,0.48417590150894907
10,1010,0.4086349206349174,0.5906203079624238,0.4104746342981649,0.6614178155174791,0.41376141130027233,0.6837528868777216,0.42427105934300213,0.5448744569707132,0.37833535240580307,0.5704722111659583,0.4237115544472155,0.48417590150894907
10,1200,0.40833529516675265,0.5909199334305887,0.4104746342981649,0.6614178155174791,0.41376141130027233,0.6837528868777216,0.42427105934300213,0.5448744569707132,0.3770307209641853,0.5717768426075759,0.4237115544472155,0.48417590150894907
